case,mean_ns,error_99_9_percent_ns,stddev_ns,median_ns,allocated_bytes_per_operation,gen0_per_1000_operations,gen1_per_1000_operations,gen2_per_1000_operations,retained_measurements
basic/large/Binary/load,767966.6545078398,5548.491815203468,4918.593474394944,766410.2842987805,1478648,234.7560975609756,112.8048780487805,0,14
basic/large/Binary/roundtrip,2838099.196428572,47292.712159706956,41923.757511507276,2841538.1875,3974606,604.1666666666666,312.5,20.833333333333332,14
basic/large/Binary/save,736870.169834526,3176.63035144377,2652.6302144102656,736764.6569767442,1095378,158.43023255813955,40.697674418604656,39.24418604651163,13
basic/large/deserialize,550295.9842575187,2639.1754416979957,2339.560287310819,549258.4292763157,368024,58.1140350877193,12.06140350877193,0,14
basic/large/serialize,346803.7025912268,4842.816494669253,4293.03068323962,345322.0247961957,984656,156.92934782608694,57.744565217391305,0,14
basic/large/to-string,558462.1786572803,14173.565135453311,11835.5688149638,561529.0636160715,1495684,291.29464285714283,219.86607142857142,158.48214285714286,13
basic/large/to-string-fragment,563434.4265252975,11542.957917833635,10797.290003059228,567151.3443080357,1490829,280.13392857142856,212.05357142857142,147.32142857142858,15
basic/large/Xml/load,1380482.4505046585,14267.45527111978,12647.727478026041,1384239.5258152173,1356704,214.67391304347828,105.97826086956522,0,14
basic/large/Xml/roundtrip,3367337.620535715,73032.29838806963,64741.23027222144,3376276.479166667,3959094,562.5,270.8333333333333,270.8333333333333,14
basic/large/Xml/save,781396.3584635417,20786.871205468913,19444.052231614838,773507.892578125,1225808,285.15625,285.15625,285.15625,15
basic/small/Binary/load,808.0427786014906,8.631090796261562,7.651237179638084,810.5199140405798,2360,0.3750779382728879,0.00162371401849735,0,14
basic/small/Binary/roundtrip,3113.7360368956743,52.40354648518311,49.01830991821797,3121.4215016853377,6776,1.0781203529295131,0.006196093982353525,0,15
basic/small/Binary/save,1146.2462769882648,52.914382786613125,49.49614651174038,1128.4771187424124,2952,0.4686495750910519,0.002231664643290723,0,15
basic/small/deserialize,615.472415807084,15.257034031427457,13.524963273798896,609.562776559623,392,0.06187016175335088,0,0,14
basic/small/serialize,338.86916245218646,3.4275143875316374,2.8621297471895213,339.16991819648,1112,0.1772454700928712,0,0,13
basic/small/to-string,633.1412156582971,26.581544915053517,24.864393617320104,622.1876486296347,2904,0.46199044806880557,0.002477160579457403,0,15
basic/small/to-string-fragment,596.8424935053737,7.133690912202823,6.3238311847135025,597.6278563695244,2408,0.3832445483462998,0.0011976392135821868,0,14
basic/small/Xml/load,2393.277922046571,25.573707612310628,22.67042568817102,2398.726380842024,6728,1.0718424101969872,0.019312475859405175,0,14
basic/small/Xml/roundtrip,4314.752270759274,43.063890386931675,40.28198980516783,4307.092639116762,12792,2.0337708504238443,0.03418102269619907,0,15
basic/small/Xml/save,895.5704161751871,15.825772674306716,14.803437585350693,893.6801134238615,4624,0.7354210420322794,0.01078857274374982,0,15
binary-only-nodes/Binary/roundtrip,453.96688451804107,14.243023410216288,11.893569620186021,452.297577158324,1408,0.22409308211473566,0,0,13
collections/large/Binary/roundtrip,37477949.28333333,3010123.115332464,2815671.0309879123,39425187.5,26655544,4500,1750,500,15
collections/large/Xml/roundtrip,33929163.43333333,1823040.802166913,1705273.498224806,33133854.166666668,24800285,3833.3333333333335,2000,666.6666666666666,15
collections/small/Binary/roundtrip,19516.666078629034,460.606737758262,408.3158757470477,19352.84601814516,31998,5.079094292803971,0.1163151364764268,0,14
collections/small/Xml/roundtrip,22678.009669256116,572.3609452339988,535.3867835356735,22825.32212217514,37161,5.826271186440678,0.1765536723163842,0,15
expando/Binary/roundtrip,918.2200394864913,9.614615605145918,8.52310630515949,918.1476789243156,3064,0.4866682397357244,0,0,14
expando/Xml/roundtrip,1918.6064986430642,21.168978881766517,19.801475989264176,1923.7207102325294,6664,1.0601060877073953,0.007709862456053784,0,15
imported-conversions/Binary/load-deserialize,3819.851659574893,37.87751711568477,35.43065302716131,3820.010660134244,5337,0.8465180390746734,0.007491310080306845,0,15
imported-conversions/Xml/load-deserialize,7143.667762033288,114.35605578660605,95.49248581676112,7146.310921052632,12098,1.9152046783625731,0.043859649122807015,0,13
integer-widths/Binary/roundtrip,1746.9091372700302,32.14948116403009,28.499677664710187,1744.108195771089,4448,0.7080579774532126,0.0034708724384961403,0,14
integer-widths/Xml/roundtrip,3409.2565414507776,128.11862745667636,119.8422436684464,3347.0836369278927,10576,1.6798898963730569,0.02023963730569948,0,15
large-data/1MiB/Binary/roundtrip,262148.94320175436,6587.674702428952,6162.115006765241,262589.29550438595,4198319,395.8333333333333,394.7368421052632,394.7368421052632,15
large-data/1MiB/Xml/roundtrip,3534977.538657407,65264.95734360809,61048.88162049895,3551205.003472222,16481990,1430.5555555555557,1215.2777777777776,958.3333333333334,15
legacy-dictionary/Binary/roundtrip,1206.2566248207559,15.676629387841583,14.663928862592082,1209.1458986652194,3432,0.5452699714549913,0,0,15
legacy-dictionary/Xml/roundtrip,2271.6777141064385,29.18205563324389,25.869132223247238,2270.4743120294015,7104,1.1294370742201505,0.0044818931516672645,0,14
legacy-list/Binary/roundtrip,891.3776674488465,14.489869793443406,13.553833201164345,893.1765320885638,2632,0.41928193020845334,0,0,15
legacy-list/Xml/roundtrip,1953.4263423874793,24.910815444817196,22.082789047827315,1958.6937255242547,6304,1.0027160181910055,0.007895401718039414,0,14
members/large/Binary/roundtrip,3976678.1166666667,235834.5607354331,220599.79453537296,3868811.1875,5283416,812.5,406.25,0,15
members/large/Xml/roundtrip,5271772.459134615,208300.11682417736,173940.03155005793,5259179.71875,5209421,843.75,343.75,281.25,13
members/small/Binary/roundtrip,4067.3337886590743,36.48873869364939,32.34631644147153,4054.6846180148495,8464,1.3432981633450567,0.008141200989970041,0,14
members/small/Xml/roundtrip,5394.479834495955,27.449757057271768,22.92179035412374,5392.261578158081,14416,2.293577981651376,0.04410726887791108,0,13
nested-shared/large/Binary/roundtrip,15288904.303703701,300833.6349938001,281399.9689528576,15428175.888888888,15563276,2444.444444444445,1111.111111111111,111.1111111111111,15
nested-shared/large/Xml/roundtrip,14059354.792307694,72411.57047874991,60466.94090092355,14065408.3,13604462,2300,1400,500,13
nested-shared/small/Binary/roundtrip,8221.763224681996,38.87271756117479,34.45965161280149,8211.98745389884,16881,2.683746048472076,0.03292939936775553,0,14
nested-shared/small/Xml/roundtrip,11494.501713737318,164.6558447436323,145.96311762736516,11505.475647792708,24962,3.95873320537428,0.1199616122840691,0,14
nesting/128/Binary/roundtrip,56559.23113957597,778.2288896626998,727.9557865722488,56415.30013250883,131048,20.870141342756185,2.65017667844523,0,15
nesting/128/Xml/roundtrip,91480.91631743737,2279.801411125527,2132.52765543529,91577.35729768786,189688,30.166184971098268,5.960982658959537,0,15
nesting/16/Binary/roundtrip,6097.175117727954,22.481528753762166,19.929289671056658,6094.665651740568,16600,2.6375923765071954,0.048619214313496695,0,14
nesting/16/Xml/roundtrip,8560.598905991164,116.98112579755278,109.42421770152164,8591.035822749862,22864,3.640944229707344,0.12078961899503038,0,15
nesting/512/Binary/roundtrip,265958.6498587571,1170.5434032175638,1094.9270261291865,265791.7330508475,528424,83.6864406779661,25.953389830508474,0,15
nesting/512/Xml/roundtrip,889209.6860416665,24707.959498053468,23111.84065499857,892165.103125,1540264,281.25,281.25,281.25,15
nodes/large/Binary/roundtrip,5001668.794791667,104015.62953447476,97296.28444710435,5013422.546875,7032772,1093.75,562.5,31.25,15
nodes/large/Xml/roundtrip,7332162.019791666,136808.9640572699,127971.18992024205,7325797.515625,7739412,1218.75,718.75,468.75,15
nodes/small/Binary/roundtrip,4662.504075653302,67.57059906357297,63.20558031686613,4666.442633527828,11016,1.7485786953919806,0.018701376421304608,0,15
nodes/small/Xml/roundtrip,7316.421356947465,971.7789764211169,811.4794575993856,7050.814722579263,16672,2.6510282776349614,0.053556126820908316,0,13
nullable/large/Binary/roundtrip,14013591.1,1447815.6502559253,1354287.6581598835,14207125,12875992,2000,1000,100,15
nullable/large/Xml/roundtrip,16483409.254320987,274963.76867073035,257201.2799323415,16429516.962962963,12640625,2111.1111111111113,1185.1851851851852,481.48148148148147,15
nullable/small/Binary/roundtrip,11541.796923343649,104.3474708804662,92.50131503049832,11526.72384942121,18545,2.9406273338312174,0.046676624346527265,0,14
nullable/small/Xml/roundtrip,14485.930715591228,127.8243220548811,106.73909813434207,14505.12215909091,24596,3.8739669421487606,0,0,13
pair-enumerable/Binary/roundtrip,1168.7100805345701,14.11322102069058,13.201515705280078,1173.0226129478644,3456,0.549311840825791,0,0,15
pair-enumerable/Xml/roundtrip,2220.2722873526413,24.330984755161833,22.75921824644407,2227.867083540881,7064,1.1252045826513912,0.013342346829858394,0,15
payloads/large/Binary/roundtrip,14146845.917159762,166981.29400427153,139436.943148182,14195910.307692308,14203973,2307.6923076923076,1076.923076923077,230.76923076923077,13
payloads/large/Xml/roundtrip,15876272.307142856,237667.703380681,210686.22859269418,15920466.65,20475496,2700,1800,1000,14
payloads/small/Binary/roundtrip,17939.088506114906,228.11343343034443,202.21661713871933,17936.16975967008,27552,4.372866894197952,0.10665529010238908,0,14
payloads/small/Xml/roundtrip,13440.228137860084,170.4268966548867,151.079004829958,13424.760416666668,49040,7.716049382716049,0.7716049382716049,0,14
real-special-values/Binary/roundtrip,1348.9619137830202,5.401860246412272,4.7886084079268905,1348.7096207865168,3608,0.5743184391603519,0,0,14
real-special-values/Xml/roundtrip,3699.887467441976,81.94264565013223,72.64002103508875,3692.3747532226225,9512,1.5096968993148299,0.014516316339565672,0,14
reference-widths/127/Binary/roundtrip,44689.60227850031,271.216562601489,240.42641845558754,44667.98733108108,96595,15.380512091038407,1.0668563300142249,0,14
reference-widths/127/Xml/roundtrip,54973.45157168412,1037.304414955885,919.5433455237031,55187.232110912344,95627,15.205724508050091,1.2298747763864044,0,14
reference-widths/128/Binary/roundtrip,47020.21644802599,634.6143202453982,593.6186291728126,47104.44002998501,103596,16.49175412293853,1.3118440779610194,0,15
reference-widths/128/Xml/roundtrip,55548.140654137525,1111.1800705220496,1039.3985278686775,55948.51311188811,95867,15.187937062937062,1.3111888111888113,0,15
reference-widths/14/Binary/roundtrip,5450.431283807363,79.2508254817,74.1312713603262,5445.86640638632,11112,1.7667073809108358,0.010905601116733554,0,15
reference-widths/14/Xml/roundtrip,7470.717209017248,92.40722524005483,81.91659827401404,7497.806619705452,16481,2.6168451801363197,0.045642648490749754,0,14
reference-widths/15/Binary/roundtrip,5814.391898279447,86.33449348952175,80.757338812905,5814.581265362072,11472,1.8198147097750048,0.011816978634902628,0,15
reference-widths/15/Xml/roundtrip,7865.09160629209,79.14988470966836,70.16431120351409,7885.059483136911,16841,2.6799147442326983,0.03134403209628887,0,14
reference-widths/255/Binary/roundtrip,96415.62598270441,2178.4035533840292,2037.6800363486414,96162.45735062893,211328,33.60849056603774,4.323899371069182,0,15
reference-widths/255/Xml/roundtrip,106686.94726080247,2859.7841719714484,2675.04389002654,105812.5480324074,179174,27.777777777777775,3.472222222222222,0,15
reference-widths/256/Binary/roundtrip,92922.32786926148,689.7257564848688,645.1699008484484,92686.68918413174,215824,34.24401197604791,5.239520958083832,0,15
reference-widths/256/Xml/roundtrip,108266.7896969697,2892.673215059004,2705.8083213505774,108804.025,179415,28.409090909090907,3.4090909090909087,0,15
reference-widths/32768/Binary/roundtrip,23943010.128571425,655440.9127561122,581031.2970995088,23773831.299999997,23043203,2800,1600,1100,14
reference-widths/32768/Xml/roundtrip,22825474.714285713,619382.1136225241,549066.110879534,22987987.5,19014358,3000,1900,1500,14
rejections/Binary-nesting-limit,436636.3006360078,19557.417447577864,17337.141161511605,429302.68964041094,213784,33.39041095890411,4.280821917808219,0,14
rejections/collection-cycle,307655.3366517857,5174.245566752632,4586.833923015021,308179.7265625,181120,28.125,0.625,0,14
rejections/deserialize-conflicting-keys,5772.943939794032,39.68537752951226,35.18005350763966,5762.1279170517555,2712,0.42744916820702406,0,0,14
rejections/integer-overflow,3538.379806781139,32.87804473433455,30.75414345760599,3547.4891829656585,544,0.08528542187855355,0,0,15
rejections/invalid-enum,3692.22565497076,40.9659091222036,38.31953682756004,3690.582361111111,680,0.1023391812865497,0,0,15
rejections/mismatched-value-type,15067.290067574766,458.34380526088376,406.30984502999735,15033.622373818995,272,0.031079065141720534,0,0,14
rejections/non-string-dictionary-key,28356.081860535014,326.37506025147763,305.2914339968854,28401.68744364292,2304,0.33814247069431924,0,0,15
rejections/null-root,15493.073853192187,382.97531360593274,358.23534612624485,15575.179775972427,488,0.061546036435253575,0,0,15
rejections/object-cycle,343404.73016340967,48960.41054286977,43402.12869017735,332523.58461084904,185200,28.891509433962266,0,0,14
rejections/serialize-conflicting-keys,6318.217228886757,255.24812997675306,238.75925925707594,6329.232137715931,3008,0.4678502879078695,0,0,15
rejections/xml-fill,3658.838535717006,58.56260158559624,54.779493883139025,3661.0909370002287,912,0.14279186657527987,0,0,15
rejections/Xml-nesting-limit,268943.0690628816,5336.481058341299,4730.651460612671,267307.83680555556,223096,35.256410256410255,9.615384615384617,0,14
rejections/xml-null,3531.0352696000314,42.10066243765523,37.32114066855872,3543.1527677077524,912,0.13943112102621305,0,0,14
resolvers/large/Binary/roundtrip,19518992.17857143,346861.86348591035,307484.0073807886,19632630.1875,18184204,3000,1375,250,14
resolvers/large/Xml/roundtrip,16544093.666666666,282975.8711449975,236297.66850497003,16592152.777777778,16660025,2555.555555555555,1333.3333333333333,555.5555555555555,13
resolvers/small/Binary/roundtrip,10393.403992941565,178.07372847422934,139.02825403235937,10393.454427938279,20017,3.1804005252790546,0.061556139198949436,0,12
resolvers/small/Xml/roundtrip,13364.825546116504,311.43242877818824,291.31408723928536,13421.969811893205,27106,4.247572815533981,0.15169902912621358,0,15
root-integer/Binary/roundtrip,282.4574760741845,3.54583700407657,3.3167781351297507,283.5050260218968,1520,0.2418115630516505,0.0005716585414932636,0,15
root-integer/Xml/roundtrip,1226.7419246833208,18.028653380654646,16.864013565778986,1233.008828777599,5240,0.8333660143535041,0.004902153025608848,0,15
root-string/Binary/roundtrip,287.7308537898854,1.2158847778067658,1.0778501857656964,287.5463282516231,1480,0.23538725301904645,0,0,14
root-string/Xml/roundtrip,1252.0612938341353,19.69803900571997,17.461798510080055,1255.9663999185605,5216,0.8292944541554108,0.007448752582234228,0,14
scalars/large/Binary/roundtrip,12860773.384615388,111759.32229257502,93324.09574206856,12866029.1,13976141,2100,1000,200,13
scalars/large/Xml/roundtrip,16968740.57738095,294057.46611402975,260674.28448978256,16970913.208333336,14808100,2583.3333333333335,1750,1000,14
scalars/small/Binary/roundtrip,11320.6562092665,189.8655063872317,177.60031255709387,11384.219672058302,20042,3.177212939921792,0.04443654461429079,0,15
scalars/small/Xml/roundtrip,13882.615957917606,88.87056265875414,74.21094480606105,13874.727641213389,25562,4.053347280334728,0,0,13
uid-widths/Binary/roundtrip,1011.6389231897331,13.029764499765559,12.18804980291728,1014.6845662556017,2536,0.4027509731444833,0,0,15
uid-widths/Xml/roundtrip,4850.724291296353,52.89102010410873,49.4742930440205,4867.580562365921,13728,2.183573398712841,0.00957707631014404,0,15
unsupported-collections/Binary/load-deserialize,717.7196558830468,2.4064893778193253,2.0095276214179623,718.1474866276254,1920,0.3054895902981117,0,0,13
unsupported-collections/Xml/load-deserialize,1876.5678568230658,20.942821210727647,19.589927963359095,1880.8878230957498,5512,0.8767609837631328,0.01119269340974212,0,15
untyped-null/Binary/load-deserialize,109.53996091581008,1.8513952064794856,1.5459988478954592,109.92713404398187,576,0.09180376028202115,0,0,13
untyped/large/Binary/roundtrip,6611798.259375,89243.8332680087,83478.73704803392,6627162.765625,7584770,1156.25,562.5,62.5,15
untyped/large/Xml/roundtrip,6995237.450892857,71266.28237870552,63175.703078771534,6977175.78125,6927258,1000,343.75,281.25,14
untyped/small/Binary/roundtrip,5070.01612131958,40.8967143746345,38.25481201772271,5052.081650951,11353,1.8032720825274016,0.02014829142488717,0,15
untyped/small/Xml/roundtrip,6726.517184665991,29.46745176980115,26.12212846468381,6726.121187056166,16489,2.6226597805035503,0.05379814934366258,0,14
